Date,Open,High,Low,Close,Adj Close,Volume,Return_%,Vol_Change_%,SMA_10,SMA_50,RSI_14,MACD_12_26_9,MACDh_12_26_9,MACDs_12_26_9,Holdings,Cash,Unrealized_PnL
2017-12-12,671.0499877929688,682.0,671.0,0.6461689642788406,664.6573486328125,121938.0,0.5136495731296241,0.019388648747798,0.6127714028485296,0.7617077984338279,0.640726390552878,0.6766117923318403,0.8002256774613937,0.6145453028227889,0.0,0.0,0.0
2017-12-13,671.0499877929688,682.0,657.0,0.6434184248251236,663.9691162109375,260250.0,0.4933034547819874,0.0423357094847747,0.6224958985103997,0.7570427863617111,0.6343702405327862,0.6856017340355173,0.7928834409920738,0.6286684979937215,0.0,0.0,0.0
2017-12-14,675.0999755859375,683.0,673.2999877929688,0.661296811362373,668.4425048828125,444539.0,0.5466937543499896,0.0337282952593089,0.635191086837211,0.7536019790725579,0.6691061053452731,0.6987870384239033,0.7959353440184318,0.6431365139395767,0.0,0.0,0.0
2017-12-15,680.5,691.0,678.0,0.6970531047892217,677.3890991210938,351667.0,0.5923510563636705,0.0152061973916278,0.6519995037842645,0.7527979185061264,0.7338153773221974,0.7217174578222874,0.8191097335567145,0.6602228997647941,0.0,0.0,0.0
2017-12-18,681.4500122070312,694.0,665.0,0.7094304124190369,680.4860229492188,259324.0,0.5318195667555902,0.0141222091407597,0.6674368651873124,0.7521314919997675,0.7549848771931364,0.7433797886348411,0.8349513691626985,0.6790991606347031,0.0,0.0,0.0
2017-12-19,688.0999755859375,699.9000244140625,688.0999755859375,0.7296660273363185,685.5491943359375,343970.0,0.5515240340251263,0.0260185802654611,0.686835119149503,0.7519359039641262,0.7890255767473673,0.7667064922177819,0.8511656537618273,0.699807400480353,0.0,0.0,0.0
2017-12-20,692.1500244140625,703.75,692.1500244140625,0.7290767801972668,685.4017333984375,531872.0,0.4989385690179357,0.0304593282994201,0.7076806431774174,0.7515230106264426,0.7872134865085905,0.7833736345010891,0.8499687725661227,0.7203804101113371,0.0,0.0,0.0
2017-12-21,693.2999877929688,704.4000244140625,693.2999877929688,0.7473477583367258,689.973388671875,259491.0,0.5462310722429913,0.0090822579859524,0.7246413961855702,0.7532470308679065,0.8190923884102419,0.8016047479426455,0.85233863790389,0.7412211801512117,0.0,0.0,0.0
2017-12-22,694.0,703.9000244140625,694.0,0.751473447605389,691.0056762695312,390144.0,0.5106926099838323,0.0295953287164582,0.7333502767812958,0.7554418984226237,0.8263248325789625,0.8156247522804618,0.8452753372477726,0.7612638996682751,0.0,0.0,0.0
2017-12-26,702.75,707.7999877929688,697.2000122070312,0.7469549269106914,689.8751220703125,272983.0,0.4891773166652348,0.0133604440813813,0.7470356959964213,0.7571804115792489,0.8098115344062735,0.8229904268888508,0.8254675180859226,0.7790686229272898,0.0,0.0,0.0
2017-12-27,700.0,702.0,695.0999755859375,0.7420433349661337,688.6461791992188,163978.0,0.4881796469189836,0.0113606984904858,0.759426212201034,0.7615774064100664,0.7911088837424411,0.8249133606836355,0.798041756313878,0.7937746329095707,0.0,0.0,0.0
2017-12-28,697.0,703.0,690.5499877929688,0.7359530089196475,687.122314453125,269410.0,0.4852160096520556,0.0324122410212616,0.7713851044001796,0.7653224588071499,0.7671322483124443,0.8221144164665934,0.7660552860457164,0.8048666357069412,0.0,0.0,0.0
2017-12-29,695.4500122070312,705.4000244140625,693.0,0.7220038959380437,683.632080078125,667407.0,0.4655253992518306,0.0492637135293469,0.7792307059908601,0.769226862530707,0.7124286664436872,0.812742961039959,0.72648300122806,0.8114875443055661,0.0,0.0,0.0
2018-01-01,694.0,703.0,694.0,0.738310477123505,687.712158203125,174646.0,0.5414111132227308,0.0045134598978964,0.7845626850881207,0.7727618428195253,0.7538682012690088,0.80951264863737,0.7078905401894734,0.8160077744856192,0.0,0.0,0.0
2018-01-02,699.5,700.1500244140625,680.0999755859375,0.6817288419926721,673.5548095703125,342012.0,0.3590115950393719,0.0387816096825525,0.7809826171846703,0.7755579497112564,0.5611814250056779,0.7841881026300132,0.6460107834418906,0.8135364897028956,0.0,0.0,0.0
2018-01-03,685.0499877929688,695.0,680.25,0.7029470151226906,678.8638305664062,125483.0,0.5545571072030858,0.0066386217592029,0.7775295321585993,0.7791291490241701,0.6189934167482793,0.7705998680065853,0.6214761430171877,0.8082931464207281,0.0,0.0,0.0
2018-01-04,694.5999755859375,702.2000122070312,690.0,0.7465618556608313,689.77685546875,411800.0,0.6108351664380354,0.0655113054903046,0.7797892508854827,0.7837217142055586,0.7216052465877014,0.7746403304132101,0.6393537277004383,0.8050697108980742,0.0,0.0,0.0
2018-01-05,700.0,704.9000244140625,699.0,0.7479372452996027,690.120849609375,195946.0,0.503842787357792,0.0088387879697445,0.7798654344130886,0.7888068704942066,0.7246003761865618,0.7768329662416714,0.649724518816503,0.8030180243459206,0.0,0.0,0.0
2018-01-08,692.0,706.9000244140625,692.0,0.7565816950867892,692.2837524414062,310252.0,0.5219439165689359,0.0312082628678717,0.7805256090013724,0.7948844245060807,0.7441682909279861,0.7802398310464642,0.6606044406690338,0.80219561115268,0.0,0.0,0.0
2018-01-09,700.1500244140625,719.9500122070312,700.1500244140625,0.8080550827362218,705.1630859375,605429.0,0.6282044230583007,0.0386421403621214,0.7884220099418267,0.8039029615060702,0.8460566034139709,0.8003905274504517,0.7049311117178418,0.8063814688411753,0.0,0.0,0.0
2018-01-10,714.8499755859375,715.0,706.0999755859375,0.7858545912172916,699.6082153320312,297500.0,0.4463071728987463,0.0091530443419016,0.7940840453391171,0.8110743282771473,0.7685209469904737,0.8061970764356041,0.7098750763104783,0.8111259228177241,0.0,0.0,0.0
2018-01-11,707.0,714.7000122070312,699.0,0.7552063054480178,691.9395751953125,113144.0,0.4251245033558065,0.0069096642905447,0.7965722836547049,0.8192960467470174,0.6714780470229995,0.7975765095166256,0.6831363591369076,0.8128492895917643,0.0,0.0,0.0
2018-01-12,703.7999877929688,709.0,700.0,0.7471513426237086,689.9241943359375,93456.0,0.4804084955569727,0.0159112827020851,0.7998222642640136,0.8278437364337554,0.6472566527131531,0.7861023083131609,0.6556742389456355,0.8114698351150672,0.0,0.0,0.0
2018-01-15,701.5,724.5999755859375,701.5,0.8060904459583988,704.6715087890625,764541.0,0.6472393547976605,0.164460573845164,0.8085819442095139,0.8386370056144665,0.7705081627336985,0.7972868766410666,0.6819113887098911,0.8130547979987304,0.0,0.0,0.0
2018-01-16,716.0,716.0,696.0,0.7436149004940971,689.0393676757812,338329.0,0.3480396812196485,0.0081661559740225,0.8165799128554045,0.8450260379280481,0.6030613946815422,0.7812167339300534,0.6449163334100984,0.8104598562371259,0.0,0.0,0.0
2018-01-17,696.0,714.7999877929688,691.6500244140625,0.7609038000684696,693.3652954101562,232397.0,0.5435395994481418,0.013101881811086,0.8240700739682234,0.8541387479277027,0.6385846043064383,0.7734605407882753,0.633008331995944,0.8065194830381706,0.0,0.0,0.0
2018-01-18,706.5999755859375,712.0,700.0999755859375,0.7709233996706017,695.8722534179688,323715.0,0.5252518257629399,0.0273623215806063,0.8272184868720953,0.8651783082407754,0.6591356065061846,0.7696194831604343,0.6318114358805178,0.8024438779388373,0.0,0.0,0.0
2018-01-19,705.0499877929688,713.9500122070312,701.4500122070312,0.7854617597912572,699.5099487304688,293534.0,0.5363228418303343,0.0175427529073265,0.8320680426141149,0.8729364214337059,0.6890355009494016,0.770559931907383,0.6410266400065371,0.7994094572416166,0.0,0.0,0.0
2018-01-22,704.0999755859375,717.0,701.8499755859375,0.7978390674210725,702.6068115234375,464739.0,0.5308264754763138,0.0312062393091263,0.8374000217113755,0.8784562060115109,0.7143226315714986,0.7744370438439089,0.6546465949049888,0.7979138938940347,0.0,0.0,0.0
2018-01-23,710.0,722.0,710.0,0.8066799329212762,704.8189086914062,399677.0,0.5220418018444074,0.0165982360525892,0.8372223014724449,0.8859752789509256,0.7325327385644591,0.7792635621735733,0.667562434070883,0.7978776330313271,0.0,0.0,0.0
2018-01-24,711.2000122070312,714.2999877929688,698.0,0.7504911292164773,690.7599487304688,200051.0,0.3634015497300659,0.0093377437183417,0.8326520336747931,0.8921469971199292,0.5744687576215584,0.7607412735253711,0.6282201952644644,0.7933962698323864,0.0,0.0,0.0
2018-01-25,702.5,707.0,661.1500244140625,0.669744605612717,670.5562744140625,424803.0,0.2995110221882561,0.0421174160703758,0.8216072198304674,0.8968844472402386,0.4096118068724625,0.7150592967537139,0.5389637916764934,0.778830227668813,0.0,0.0,0.0
2018-01-29,682.0,689.4500122070312,680.0,0.6689587029368225,670.3595581054688,143914.0,0.4984014997186358,0.0060706976616343,0.8115018375246801,0.9015132314457236,0.4082289788450606,0.6781756891814926,0.4862773211024509,0.7583113785338595,0.0,0.0,0.0
2018-01-30,681.7000122070312,681.7000122070312,663.2999877929688,0.6141455286946207,656.6446533203125,339031.0,0.3598852737136424,0.0468096491547868,0.7866954519317355,0.9027229521560632,0.3185370997541129,0.628635014754151,0.4172000596558712,0.7299878008030675,0.0,0.0,0.0
2018-01-31,670.0,681.5,653.75,0.5856582954161871,649.5169067382812,324432.0,0.4258545252416312,0.0185561170769774,0.7662816138975117,0.9026070530474612,0.2781418922600046,0.5794735517862469,0.3627450281292226,0.6955115943657652,0.0,0.0,0.0
2018-02-01,665.0,722.0,660.5,0.7744598418002133,696.7572021484375,1539000.0,1.0,0.0950394294318461,0.7680335560854341,0.9056856700956502,0.6424149431815571,0.6114883078907642,0.491884532971761,0.6756262788409009,0.0,0.0,0.0
2018-02-02,708.4000244140625,733.25,691.0999755859375,0.812180772004885,706.1953735351562,1772440.0,0.5934611360191225,0.0224894929466983,0.7733655351826956,0.9093292986142218,0.6911605464279313,0.6508922146244436,0.6109166571214575,0.6691898668150992,0.0,0.0,0.0
2018-02-05,716.4500122070312,716.4500122070312,690.0,0.7208251618361152,683.3370971679688,352909.0,0.2780827999494457,0.0032497053536669,0.7650120950648307,0.9134944863853018,0.5501032431944151,0.6479242954742704,0.6159957101818719,0.663327314114787,0.0,0.0,0.0
2018-02-06,670.0,705.0,665.0,0.7216110645120093,683.53369140625,399206.0,0.5023924524475181,0.0220755187604214,0.75516061652558,0.9192243342288364,0.5512315849794289,0.6458521928188757,0.6219648146265557,0.6581391836364241,0.0,0.0,0.0
2018-02-07,700.0499877929688,715.0,700.0499877929688,0.7941062095784437,701.6729125976562,315230.0,0.6826972813979071,0.0151771125806401,0.7535356262209261,0.9279169000119598,0.6497133650433569,0.6710122402610367,0.6846768745783652,0.660036606310575,0.0,0.0,0.0
2018-02-08,717.0999755859375,720.0,711.0499877929688,0.7992142172360182,702.9509887695312,159852.0,0.5129273437825148,0.0094703360134365,0.7598324520286694,0.9368340219759724,0.6562285738366886,0.692312235585181,0.7266342082114355,0.6666745991051036,0.0,0.0,0.0
2018-02-09,700.0,717.6500244140625,699.0,0.7791750180317538,697.9368896484375,159318.0,0.451421135165387,0.0193583766853627,0.7739749104212046,0.9446138701203752,0.6226111216428276,0.7010497964357283,0.7334733218325423,0.6740853125392615,0.0,0.0,0.0
2018-02-12,709.0,718.0,681.5,0.6844793814463892,674.2431030273438,689547.0,0.2672271851846047,0.086646123779026,0.7759807563756631,0.9490905361931627,0.4838036985532628,0.6722493303836096,0.6590819407326117,0.6730908789366689,0.0,0.0,0.0
2018-02-14,689.0,695.0,679.5,0.670530508288611,670.7528686523438,312807.0,0.4648595397152054,0.0083906665535339,0.7832677820776079,0.9529080177959032,0.4657083885215855,0.6442142651432917,0.6011972366777144,0.6655563133783776,0.0,0.0,0.0
2018-02-15,685.0,695.0,673.2000122070312,0.6711199952514884,670.9003295898438,282049.0,0.5019262598027546,0.0174398304130193,0.7943125959219346,0.9558997127232756,0.4667121311104774,0.6224723367859454,0.5682782092887471,0.6543023752070224,0.0,0.0,0.0
2018-02-16,688.0,694.5499877929688,685.6500244140625,0.6980354231781334,677.6348876953125,226925.0,0.5693662226191402,0.0154783882000463,0.7844357332048526,0.9602677305663088,0.5134628176121319,0.6156398507817534,0.5736630324239698,0.643656843944495,0.0,0.0,0.0
2018-02-19,700.0,705.0,678.5999755859375,0.682318328955549,673.7023315429688,423633.0,0.4605528050469842,0.0369340421327508,0.7676527004356304,0.9644908723129566,0.4891667271216162,0.6048076809513763,0.5694615082112642,0.6325366013879425,0.0,0.0,0.0
2018-02-20,687.0,690.0,670.0,0.6406681251952313,663.2809448242188,172882.0,0.3941624524144781,0.0074707122621394,0.7572934453574192,0.965396347915366,0.4275528242939297,0.5813793551473477,0.539301792597468,0.6180087484258243,0.0,0.0,0.0
2018-02-21,680.0,682.9500122070312,662.4500122070312,0.6440079117880004,664.11669921875,428939.0,0.5090697713294892,0.0493408158617745,0.7472642465792378,0.963918609963728,0.4342225589777023,0.5649793868106794,0.5301269479347258,0.6024442710955402,0.0,0.0,0.0
2018-02-22,675.0,675.4000244140625,664.0,0.6074657156852576,654.9733276367188,235890.0,0.4058478838680331,0.0103356439449482,0.7231433887582961,0.9626799211081396,0.3809872874827568,0.5395308391599213,0.5035360944247971,0.5838754130120152,0.0,0.0,0.0
2018-02-23,670.0,679.75,666.1500244140625,0.6447938144638949,664.313232421875,288608.0,0.5983661260706412,0.02393973967921,0.7031865589073707,0.9626292180114192,0.4581991647242994,0.5345884604416987,0.5258905699546321,0.567832286417536,0.0,0.0,0.0
2018-02-26,680.0,689.75,674.25,0.6703340925755938,670.7036743164062,271771.0,0.5664922003918138,0.0182475431227189,0.6891202840424415,0.96362162457718,0.5078015842901862,0.5414112284688136,0.568804662982522,0.5566378298775041,0.0,0.0,0.0
2018-02-27,681.5,690.7999877929688,676.0,0.6988213258540275,677.83154296875,219932.0,0.5734141798730795,0.0155732379200591,0.6909737939358003,0.9650051895291528,0.5606903372338234,0.5584632675750898,0.6248988532629275,0.5517812032075876,0.0,0.0,0.0
2018-02-28,689.4000244140625,698.7000122070312,682.0999755859375,0.718664109345275,682.79638671875,360647.0,0.5507281402830614,0.0323485596541384,0.6971944362159381,0.9658020080592724,0.5962947175169142,0.5801400233778965,0.6796133542941644,0.5531065215346622,0.0,0.0,0.0
2018-03-01,695.9000244140625,696.0,686.0,0.7009823783448677,678.3722534179688,272512.0,0.4559089367408644,0.0144899331333001,0.7010537610696441,0.9654905209150302,0.5617215441882775,0.5913224999746517,0.7010582308017292,0.5568547998547624,0.0,0.0,0.0
2018-03-05,689.0,689.0,666.0,0.6324165068340797,661.2163696289062,301455.0,0.3267023414692953,0.0215710082687012,0.6925733690685116,0.9619048375294916,0.4432178966860887,0.5753466557845102,0.6604344284924051,0.5560131777515448,0.0,0.0,0.0
2018-03-06,678.0,682.0999755859375,651.0,0.5636542196102741,644.01123046875,245988.0,0.3216846280567149,0.0157095225818559,0.677237575370901,0.955805548566146,0.3485270874687585,0.5382023825130197,0.5828992606707389,0.5464112063118254,0.0,0.0,0.0
2018-03-07,657.0,659.9500122070312,650.0499877929688,0.5540274514341763,641.6025390625,192215.0,0.4747248341719252,0.0150106324417165,0.6660403944713633,0.9486776428554782,0.3364253893911667,0.5067553747178017,0.5329921376000122,0.5311704538548915,0.0,0.0,0.0
2018-03-08,653.5999755859375,659.4500122070312,647.0,0.5567779908878938,642.2907104492188,113706.0,0.5077837423755284,0.0111762311894483,0.6547670610383323,0.9414990340480892,0.3427376981936539,0.4847055689748173,0.5130591166256891,0.5136775591511189,0.0,0.0,0.0
2018-03-09,657.5,674.4000244140625,650.5499877929688,0.623575641333876,659.004150390625,483527.0,0.6791563792672202,0.0851174488510205,0.6568490595262846,0.9369499210845742,0.484231364278764,0.4939439702128582,0.5636787934231053,0.5019039537002713,0.0,0.0,0.0
2018-03-12,670.2000122070312,689.9000244140625,668.7999877929688,0.6559921481679556,667.1151733398438,163349.0,0.5849576337723857,0.0060515073118325,0.6582962985978966,0.9337771310367202,0.543720081191924,0.5148819580007998,0.6290655672415051,0.4975181052728367,0.0,0.0,0.0
2018-03-13,677.0,685.0,672.0,0.6518664588992924,666.0828857421875,73256.0,0.489786890664749,0.0082860789468534,0.6559095969936335,0.9306767790370588,0.5364141033269516,0.5312401800785382,0.6716314713351268,0.4979415866006664,0.0,0.0,0.0
2018-03-14,673.0,683.5,667.5,0.6387034884174083,662.7893676757812,305570.0,0.4664517849444112,0.0834780169273321,0.6481401479364473,0.9276054128677168,0.5122955673468759,0.5404832972436956,0.6905467103908937,0.5005022155811987,0.0,0.0,0.0
2018-03-15,672.5,676.75,671.0499877929688,0.6420432750101774,663.6250610351562,140732.0,0.5090761897507459,0.0085303210249913,0.638237901041534,0.9240559485062754,0.5193589046712626,0.5501466652265166,0.7065729910689902,0.5048735818213428,0.0,0.0,0.0
2018-03-16,675.0,677.3499755859375,666.0,0.6163065811854609,657.1854858398438,150189.0,0.4337622192315978,0.0207831061679538,0.627294654902645,0.92164376680698,0.46967544590643,0.5492813024264523,0.6969939950873032,0.5081626604563897,0.0,0.0,0.0
2018-03-19,666.4500122070312,681.7999877929688,666.4500122070312,0.6385068328805659,662.7402954101562,138766.0,0.5584740118783214,0.0178896632291077,0.6280817503800846,0.9192677952892448,0.5201788045306206,0.557896262738687,0.7095003169904169,0.5128647720655576,0.0,0.0,0.0
2018-03-20,669.0,688.5,668.4000244140625,0.6876227523261411,675.0294799804688,167488.0,0.6277874001238015,0.0236063973311127,0.6441030718496985,0.9170946538434644,0.6203793891659461,0.5837897884626749,0.7562657616699745,0.522850700602962,0.0,0.0,0.0
2018-03-21,686.0999755859375,691.0,670.5499877929688,0.6337918964728511,661.5604248046875,395902.0,0.3633585388116166,0.0469707156190934,0.6544115895663589,0.912886005011976,0.5131612825768197,0.5848722058149396,0.7408921408116466,0.5310996329737282,0.0,0.0,0.0
2018-03-22,675.0,679.0,662.0499877929688,0.6023577080276827,653.6953735351562,147381.0,0.4187526313715473,0.0067470810353339,0.6603021755464669,0.9071996182288498,0.4581884547774881,0.57478211495308,0.7048235782019475,0.5352733409346729,0.0,0.0,0.0
2018-03-23,660.0499877929688,673.9000244140625,658.0,0.6007859026758942,653.3020629882812,225060.0,0.4962832742103221,0.0300712928893861,0.6573568980534694,0.8995574041445211,0.4554497894014566,0.5670919864834469,0.6810746813341608,0.5367637680211004,0.0,0.0,0.0
2018-03-26,660.1500244140625,669.4500122070312,659.0,0.5952848237684596,651.925537109375,186540.0,0.4859438494036409,0.015968926589994,0.6495112654686772,0.8925309134698294,0.4453131932627468,0.5599173860779276,0.6631723569344709,0.5362314921188998,0.0,0.0,0.0
2018-03-27,667.0,680.7999877929688,666.0499877929688,0.6339883121858683,661.6096801757812,369173.0,0.602449996279235,0.0392005047145559,0.64720074739202,0.8880614894333547,0.5352616196554678,0.5695682777632042,0.684646964808076,0.5381255354228415,0.0,0.0,0.0
2018-03-28,668.9500122070312,711.0,664.0,0.6548134140660271,666.8201904296875,446572.0,0.5545135285144667,0.0236603969941914,0.6492827458799724,0.8846569011682979,0.5798069370771302,0.5856829662548504,0.7155784683119422,0.5435143899693452,0.0,0.0,0.0
2018-04-02,681.0,695.0,681.0,0.6770139055849573,672.3750610351562,263227.0,0.5576357510747766,0.0111334681371233,0.6538022453219616,0.8798977249390525,0.6254271214698359,0.6071866404292457,0.7517888127723972,0.5529944882182971,0.0,0.0,0.0
2018-04-03,686.0,686.0,675.0,0.6616896427884074,670.5015869140625,783770.0,0.4612450928514632,0.0593676669807193,0.6596674161301261,0.8768770618664306,0.5891078685353652,0.6187967054318049,0.7597082978381648,0.5633693734096196,0.0,0.0,0.0
2018-04-04,681.0499877929688,690.9500122070312,677.0999755859375,0.6614932270753902,670.4523315429688,520436.0,0.4999108711580333,0.0126397536029091,0.6626381087950679,0.8732116983963882,0.5886274321959597,0.6281149333942511,0.7611679708545602,0.573909180479619,0.0,0.0,0.0
2018-04-05,680.5,687.6500244140625,674.1500244140625,0.6420432750101774,665.5714111328125,514819.0,0.45041050171251,0.0192078577880515,0.6567475538090721,0.8684597642034539,0.5403429291318067,0.6284144728432427,0.7431483245801683,0.5824130288908723,0.0,0.0,0.0
2018-04-06,679.6500244140625,685.0,674.0,0.6603144929734617,670.156494140625,667025.0,0.5477351142292953,0.0253972859392519,0.660175254657311,0.8638454640705939,0.5856423896002989,0.6355879708514858,0.7433570495741009,0.5909404601989384,0.0,0.0,0.0
2018-04-09,675.5499877929688,685.0,675.0,0.6565816351308329,669.2197875976562,886583.0,0.4908144989168447,0.0260741213105392,0.6671829924148884,0.8586371666370329,0.5756373885056267,0.6399316880717312,0.7375036317608925,0.5988065401964077,0.0,0.0,0.0
2018-04-10,678.0,699.9500122070312,678.0,0.7233792855768151,685.9822998046875,955511.0,0.6724670988057826,0.0209961318860009,0.6830265936455717,0.8555657916251551,0.7235484289061571,0.668079816769885,0.7834651125317188,0.611865600861713,0.0,0.0,0.0
2018-04-11,691.0,720.0,691.0,0.8149313114586025,708.956787109375,715637.0,0.7304649139556907,0.0143553681197694,0.7114130471419671,0.8579417631428887,0.8629608858516613,0.7237075844773744,0.8786976096310506,0.6356845523767605,0.0,0.0,0.0
2018-04-12,713.5499877929688,724.7000122070312,712.0,0.8151277271716197,709.006103515625,665026.0,0.5008933670213543,0.0179974359098156,0.734822962018963,0.8633021787091488,0.8632134637057356,0.7664622576350137,0.927495920411457,0.6650170052032487,0.0,0.0,0.0
2018-04-13,714.0,720.0,706.3499755859375,0.7860512467541345,701.70947265625,681889.0,0.4297259174458009,0.0199379996947891,0.751783746021228,0.8676194934554617,0.7808275852164706,0.7878234736146495,0.9210196926701446,0.6936177382309596,0.0,0.0,0.0
2018-04-16,702.0,712.5,702.0,0.7752457444761078,698.9979248046875,389870.0,0.4738726257097096,0.0107761880594674,0.7644789343480394,0.8735594134072615,0.7511518971282258,0.7989337064360289,0.8940296018700948,0.7191689824824784,0.0,0.0,0.0
2018-04-17,710.0,723.0,708.2000122070312,0.8243616639216831,711.3233642578125,307669.0,0.6215347025974073,0.0151673264816693,0.7855021786148844,0.8823606362626739,0.8271587722299951,0.8240353522888643,0.9022044541832628,0.7456438664712888,0.0,0.0,0.0
2018-04-18,715.9000244140625,724.5,713.0499877929688,0.8241650083848406,711.27392578125,241773.0,0.4999392678673971,0.0150999439973908,0.8065253918876167,0.8841933135764286,0.8265850484692685,0.8415849165210705,0.8926771778178,0.7710423064214557,0.0,0.0,0.0
2018-04-19,716.0499877929688,724.9500122070312,713.9000244140625,0.8302555742551521,712.8023071289062,228583.0,0.5151758087694945,0.0183239578461964,0.8308493851194325,0.8848597489253223,0.8360135214022895,0.8553416283216968,0.8769860106604112,0.7946678720791165,0.0,0.0,0.0
2018-04-20,718.0,721.9500122070312,710.0999755859375,0.8037329777545414,706.1466674804688,114992.0,0.4362782601162421,0.0093889014927942,0.8493843600765771,0.8879166398645753,0.7537926506278916,0.8539147940405118,0.8321298724100736,0.813225344741052,0.0,0.0,0.0
2018-04-23,712.0999755859375,725.0,712.0999755859375,0.8068763486342934,706.9353637695312,523622.0,0.5080888314357294,0.0911993733739878,0.868807998216599,0.891060452924644,0.7596540745047269,0.8515740412174903,0.7943005874576898,0.82750865690726,0.0,0.0,0.0
2018-04-24,717.0,755.0,714.9500122070312,0.921021697461045,735.5796508789062,1182526.0,0.778735505163412,0.0448417733871886,0.8943507109313216,0.8957399490693856,0.9251815482203372,0.8895748278879203,0.8498643433476681,0.8480698675512774,0.0,0.0,0.0
2018-04-25,749.9000244140625,768.7999877929688,746.0499877929688,1.0,755.3988647460938,1763048.0,0.6854890242474874,0.0293412351498944,0.9182684333413892,0.9031431140576638,1.0,0.9457499894609572,0.9329815823121216,0.8780221206044486,0.0,0.0,0.0
2018-04-26,767.0,771.0499877929688,742.6500244140625,0.9870334452311332,752.1449584960938,1352072.0,0.470827940934767,0.0147176589134089,0.9404850129133098,0.91080705425093,0.9637219104717578,0.981537559308724,0.9561004897962152,0.9105864748696112,0.0,0.0,0.0
2018-04-27,750.0,774.5999755859375,745.0,0.9715127667215664,748.2501831054688,700854.0,0.4648465710826875,0.0096977443154431,0.96445350367904,0.921390251323376,0.9199342999763204,1.0,0.9377361636147604,0.9410759266460212,0.0,0.0,0.0
2018-04-30,756.0,762.8499755859375,732.0,0.9096267082201416,732.7200927734375,448784.0,0.3578512824476259,0.012161524012113,0.9818204965148284,0.9302059582514124,0.7628306295255283,0.9875396716079692,0.8572560832800671,0.9624722966871436,0.0,0.0,0.0
2018-05-02,736.5,757.6500244140625,736.5,0.9231827499518852,736.1218872070312,514382.0,0.5323062338073606,0.0223781108106692,0.9945918373751336,0.939499754529014,0.7813721279689809,0.978880604203202,0.8009592543959749,0.9775079416351542,0.0,0.0,0.0
2018-05-03,746.5499877929688,752.0499877929688,716.25,0.8660118676820008,721.7752075195312,259083.0,0.3665435543148195,0.0094012961651939,1.0,0.9456932076494882,0.654907756288722,0.9471548309832531,0.7068470552792269,0.9819102731558256,0.0,0.0,0.0
2018-05-04,725.0,728.9500122070312,700.0999755859375,0.7485264924386543,692.2929077148438,405214.0,0.219841881596761,0.0308179830709969,0.9894375785168036,0.9481343663365678,0.4612496463220508,0.8754236818895297,0.5464453048894159,0.9681895334679184,0.0,0.0,0.0
2018-05-07,704.0,714.5999755859375,696.2999877929688,0.7544204027721237,693.7719116210938,291749.0,0.515090849042451,0.0137702431112436,0.983064569181454,0.9523285222528964,0.471555522203364,0.818772797935921,0.4502073774684788,0.943595303887432,0.0,0.0,0.0
2018-05-08,708.9000244140625,708.9000244140625,692.25,0.7499018820774257,692.637939453125,256284.0,0.4891892963028417,0.0169706185462352,0.9757013599519032,0.9562329348189902,0.4647941958257582,0.7707336678070913,0.3915386610345552,0.912372360324312,0.0,0.0,0.0
2018-05-09,704.9000244140625,709.0,691.0,0.7400786981883107,690.1729125976562,1771037.0,0.4759696091082685,0.1388032116908032,0.9523168292527392,0.961122503071997,0.4494443836571284,0.7280282709951684,0.3559512793714097,0.877128558818927,0.0,0.0,0.0
2018-05-10,702.9000244140625,719.0,693.0,0.7943026252914609,703.7801513671875,589720.0,0.6358407167110698,0.0059535883615329,0.9257331172940404,0.9666350367709536,0.5527237240331624,0.7136628431644441,0.3877750504510581,0.8454803818500596,0.0,0.0,0.0
2018-05-11,711.0499877929688,715.9000244140625,696.0499877929688,0.7335953008919649,688.5458984375,402458.0,0.3517299902240407,0.0130121959669509,0.8929795314108668,0.968967538385745,0.456202770028749,0.6791814848778789,0.3704371467395112,0.8118732732435497,0.0,0.0,0.0
2018-05-14,702.0,704.5499877929688,688.0,0.7055011388633909,681.4959106445312,226655.0,0.430084514503354,0.0106030298718073,0.8586009862171506,0.9692138295181064,0.4162011437218075,0.6413878985759837,0.3495200128056789,0.775902831900078,0.0,0.0,0.0
2018-05-15,690.0,699.0,672.2000122070312,0.657367537806727,669.4169921875,579274.0,0.3786709583895806,0.0508484446414703,0.8259997673891886,0.9669537659515086,0.3530566612509869,0.5940225569557451,0.3124222636857957,0.7357408829992155,0.0,0.0,0.0
2018-05-16,674.0,683.0,665.0499877929688,0.6131632103057094,658.3240966796875,632333.0,0.3865918893031698,0.0212758699617171,0.7859337716262389,0.9637157887343096,0.3012562520656924,0.5411501739542313,0.2710277575992826,0.6909019553270699,0.0,0.0,0.0
2018-05-17,670.0999755859375,679.7000122070312,665.5,0.6212181731300186,660.3455200195312,203078.0,0.5215064295334814,0.0057147845551723,0.754297368514647,0.963302895396625,0.3187595197852398,0.503882875144884,0.2711121854210065,0.6460725667741755,0.0,0.0,0.0
2018-05-18,669.0,673.7000122070312,663.0499877929688,0.6035364421296117,655.9083251953125,224549.0,0.4542607808747056,0.0215613069442865,0.7355592891407401,0.964773391311951,0.2972805817214923,0.4697531397034316,0.2778549371871099,0.6020050113689985,0.0,0.0,0.0
2018-05-21,663.0,706.7000122070312,647.0,0.5642437065731514,646.0479736328125,297261.0,0.3971552222142835,0.025966133043749,0.7109814231365004,0.965150074468074,0.2518436706461989,0.4304822357467053,0.2723112313977759,0.5573110976196306,0.0,0.0,0.0
2018-05-22,656.0,670.0,655.9000244140625,0.58290775596247,650.731689453125,403662.0,0.5502132023138445,0.0266553682919411,0.6893996029809206,0.9661135040460512,0.2968054210500655,0.4090540942895697,0.3058369910397708,0.516405108427426,0.0,0.0,0.0
2018-05-23,664.7999877929688,684.0,659.2999877929688,0.6579567849457786,669.5648803710938,355517.0,0.6992122649158481,0.0170168589953613,0.6787864131420616,0.967381169889423,0.4559796565907607,0.4226917284497179,0.4072605219090901,0.486958507101645,0.0,0.0,0.0
2018-05-24,673.6500244140625,686.8499755859375,671.5999755859375,0.6550098297790443,668.8253784179688,75038.0,0.4928292278269979,0.003491231826397,0.66078462989582,0.9673449508653268,0.4515331217958886,0.4348166097690238,0.4851809439896801,0.4663157832556119,0.0,0.0,0.0
2018-05-25,675.0,688.0,673.0499877929688,0.6768172500481144,674.2977294921875,91418.0,0.5566185001180062,0.0238347900120636,0.6534468048441013,0.9682649105403592,0.4950013272456808,0.4547683460573747,0.5641690239734878,0.4545975667462916,0.0,0.0,0.0
2018-05-28,681.75,698.3499755859375,679.9000244140625,0.6827111603815834,675.7767944335938,824327.0,0.5154824837660614,0.1813531181407667,0.6505014963569908,0.9698875157458478,0.5068911665607767,0.474742575560741,0.6274073425869262,0.4500243629850047,0.0,0.0,0.0
2018-05-29,680.4000244140625,702.5,680.0,0.7218074802250265,685.5878295898438,1042346.0,0.6001394413056841,0.0247677577057157,0.6588295213029118,0.9728284987339642,0.5832654978140459,0.5067797777954546,0.7036621389907117,0.4540668451614521,0.0,0.0,0.0
2018-05-30,694.5,698.7999877929688,685.0999755859375,0.7178782066693805,684.601806640625,209019.0,0.4905367761148689,0.0032783522658121,0.6723625734628258,0.976573542288512,0.5752921751040834,0.5319989014732013,0.7501604195788839,0.4633629585989547,0.0,0.0,0.0
2018-05-31,690.3499755859375,698.25,670.5499877929688,0.7001964756689736,680.1646118164062,205322.0,0.4558961153108885,0.0190686045553799,0.6825694924799377,0.9788480987702696,0.5386996240937527,0.5465053542899772,0.7645676884622477,0.4742868844466075,0.0,0.0,0.0
2018-06-01,688.9000244140625,692.6500244140625,673.6500244140625,0.6459725485658234,666.5574951171875,250207.0,0.362998208186691,0.0238412218687838,0.6880538076382976,0.9773124156855983,0.4377955522326477,0.5389458743079296,0.7291479260087327,0.4812088908914108,0.0,0.0,0.0
2018-06-04,676.2000122070312,680.0,658.5,0.5833005873885044,650.8302612304688,635824.0,0.338346355360927,0.0505543614369732,0.6905166617760541,0.9754507525415256,0.3430500469973753,0.5110616773410088,0.6575709992392251,0.480043742815877,0.0,0.0,0.0
2018-06-05,660.0499877929688,672.7999877929688,660.0,0.6027505394537171,655.711181640625,189718.0,0.5519287491419566,0.0052547737502469,0.6930810836192474,0.9754652366141494,0.3877899032437216,0.4979269627875999,0.6316891858835788,0.4759543252400939,0.0,0.0,0.0
2018-06-06,669.0,686.4000244140625,662.0,0.6738702948813802,673.5582885742188,174179.0,0.6873734463900888,0.0177715415958301,0.6951376979293684,0.9781599284699034,0.5316342026793757,0.515597078723526,0.6765214385969076,0.4769303019408077,0.0,0.0,0.0
2018-06-07,689.9500122070312,697.0,681.0999755859375,0.7088409254561596,682.333984375,339268.0,0.5899097858534463,0.0385694658843961,0.7020946673312838,0.9823468511924558,0.5919799868518343,0.5438384609216192,0.7348777561128643,0.4844996960776898,0.0,0.0,0.0
2018-06-08,685.5,696.9000244140625,681.5499877929688,0.7102160752711058,682.6790161132812,231427.0,0.5038897232248586,0.0130057360479744,0.7064110313623995,0.9851574421568108,0.5943444838664675,0.567622063430731,0.7720788221137311,0.4962722710809295,0.0,0.0,0.0
2018-06-11,688.5,714.0,688.2000122070312,0.7893910333469032,702.5475463867188,872476.0,0.7003268414766345,0.0753731130639196,0.7201980182829617,0.9901194484580104,0.7173478430935152,0.6164000748530463,0.8550156259564258,0.5174155019417285,0.0,0.0,0.0
2018-06-12,708.2000122070312,729.9000244140625,708.2000122070312,0.8184677535882141,709.84423828125,678290.0,0.5717561480019495,0.0149304722901359,0.7326901021930117,0.995334987927884,0.7558724119863056,0.665686356032295,0.9224464199760936,0.5461774344607049,0.0,0.0,0.0
2018-06-13,715.7000122070312,729.9000244140625,700.0,0.7491159794015316,692.4407348632812,584484.0,0.3320088759143215,0.0166325535441705,0.73672717827976,0.9985584810724584,0.6225206287911618,0.6784259666813747,0.8986375076040807,0.5722493052236955,0.0,0.0,0.0
2018-06-14,701.9500122070312,701.9500122070312,686.0,0.7005895469188332,680.2633056640625,463811.0,0.3796174064519901,0.0152558193000423,0.7367779776295347,1.0,0.543124423259006,0.6700848682328105,0.83474087721219,0.5911017835563279,0.0,0.0,0.0
2018-06-15,685.3499755859375,689.0999755859375,668.0999755859375,0.629469551667345,662.4161376953125,4172714.0,0.3202052894632581,0.1809383281825813,0.7346451797918081,0.9995363947230604,0.4433197633312501,0.6369710897390143,0.7309193530934022,0.598223935567612,0.0,0.0,0.0
2018-06-18,676.7000122070312,684.0499877929688,670.0,0.6296659673803622,662.4654541015625,159457.0,0.5009269194566928,0.0,0.7406373024832407,0.9984063540972264,0.4436632999071643,0.611187360542234,0.6634569151715639,0.59772381061876,0.0,0.0,0.0
2018-06-19,667.0,680.0,667.0,0.6359529489636913,664.0430908203125,382091.0,0.5167743511267551,0.0476258777620114,0.7449282823365255,0.9976457545912024,0.4553516071923729,0.5936917028239528,0.627119951663418,0.5931181358516471,0.0,0.0,0.0
2018-06-20,673.4500122070312,686.0,673.4500122070312,0.6467584512417179,666.754638671875,294569.0,0.5284646071506507,0.0147993540823286,0.7414244289547924,0.9948206707116878,0.4762257358260821,0.584559160240866,0.6158430241049191,0.5872383318393108,0.0,0.0,0.0
2018-06-21,676.2000122070312,685.75,675.0,0.6438114960749832,666.01513671875,192773.0,0.4927972526954624,0.0124460111574712,0.7330202204812659,0.9885113184826118,0.4713414542655654,0.5769995163990492,0.6101678459089418,0.5807173150078058,0.0,0.0,0.0
2018-06-22,678.7999877929688,692.5,678.7999877929688,0.6821219132425318,675.6289672851562,159149.0,0.5995670784167186,0.0159029123092138,0.7293894152162652,0.98360726615698,0.5479740976139968,0.5860087724210299,0.6408782672297347,0.5776661303389148,0.0,0.0,0.0
2018-06-25,686.0,698.9000244140625,677.7000122070312,0.7000000599559564,680.1154174804688,173207.0,0.5460278777494063,0.021209957443649,0.7178367938388668,0.9804344761091262,0.5817579997944329,0.6003440829868499,0.6767778590743392,0.5786710788342664,0.0,0.0,0.0
2018-06-26,689.75,694.3499755859375,678.4000244140625,0.6801572764647088,675.1359252929688,141038.0,0.4501253689503686,0.0156746181795045,0.6999619624758933,0.9769284728080933,0.5424739508135874,0.6047456554321932,0.6843633671535576,0.5805330797167574,0.0,0.0,0.0
2018-06-27,681.5499877929688,688.8499755859375,674.5,0.6528487772882041,668.2830200195312,216975.0,0.4306934521105879,0.0303005905209666,0.6875206779156184,0.9706046276638576,0.4905742169983597,0.5985545886195744,0.6678957869271488,0.5805344828916117,0.0,0.0,0.0
2018-06-28,681.0999755859375,681.0999755859375,658.0499877929688,0.6082516183611517,657.0916748046875,255422.0,0.3853855122305025,0.0230047888469523,0.6755872008884154,0.9626436932415086,0.4139557769045172,0.577744399092706,0.6236193367512374,0.5755332894149268,0.0,0.0,0.0
2018-06-29,666.0,685.0,666.0,0.6394891512694771,664.9304809570312,162407.0,0.582359653986202,0.0120706174500224,0.6768821038989277,0.9556099516879693,0.4825371831825665,0.5737492557843232,0.6239724202658891,0.5705719892540133,0.0,0.0,0.0
2018-07-02,675.2999877929688,683.8499755859375,660.8499755859375,0.6200394390280897,660.0496826171875,125314.0,0.4499958619199973,0.0148127913749685,0.6756380002381901,0.9488369941819528,0.4485807153528057,0.5642377317765458,0.6125187107583903,0.5643165860518157,0.0,0.0,0.0
2018-07-03,670.5,674.4000244140625,665.6500244140625,0.6233792256208588,660.8877563476562,84524.0,0.5091376429701185,0.0128514543057627,0.6740130099335357,0.9420712787122484,0.4563351306092555,0.5589365867659534,0.6123133827669173,0.5580379837648104,0.0,0.0,0.0
2018-07-04,668.0,672.0,661.4000244140625,0.5990176816110884,654.7742919921875,133985.0,0.4368764913129722,0.0312449515227522,0.6678431360090604,0.9301986808449588,0.4120780687689265,0.5467550323186028,0.5975109540290772,0.5500869217357897,0.0,0.0,0.0
2018-07-05,670.0,670.5,663.0,0.6031433708797516,655.8096313476562,134614.0,0.5112768266381327,0.0195206680429809,0.6625873094452932,0.9155661951100348,0.4227906239427253,0.5398517181180913,0.5968985402478579,0.5420666658323929,0.0,0.0,0.0
2018-07-06,669.7999877929688,670.0,664.25,0.6147347758336723,658.718505859375,166887.0,0.5308823958957207,0.0242681385038366,0.6538783978554559,0.9018391849775202,0.4537928813689622,0.5399220832090785,0.611245208474944,0.5356673753439837,0.0,0.0,0.0
2018-07-09,665.0,670.0,660.75,0.6021610524908403,655.5631713867188,134065.0,0.4675132656433106,0.0154535292504659,0.6412339778843061,0.8882208319172937,0.427602759806569,0.5365229297756009,0.6153410943559477,0.5297308605503736,0.0,0.0,0.0
2018-07-10,669.7000122070312,669.7000122070312,660.0,0.5884085950460789,652.1121215820312,330679.0,0.4642555786670721,0.0490469145664034,0.6293766533905973,0.8763772110377888,0.399123889746883,0.5300085207759655,0.611990053709102,0.5234157267696387,0.0,0.0,0.0
2018-07-11,659.9500122070312,664.0499877929688,659.9500122070312,0.5913555502128136,652.8516235351562,294280.0,0.5082054427132842,0.0172026183907009,0.6214294531003683,0.864142422929536,0.4083503623291822,0.5273004126183687,0.6174071789361053,0.5177126495655694,0.0,0.0,0.0
2018-07-12,664.25,667.3499755859375,661.4000244140625,0.6015718053517887,655.415283203125,138269.0,0.5273896519379346,0.0087181505748346,0.6205661740953223,0.8543922634113068,0.4413008664607862,0.5302923429305908,0.6338677898864793,0.5138693826420324,0.0,0.0,0.0
2018-07-13,662.0,665.0,659.0,0.5872298609441504,651.8162231445312,98347.0,0.4626970942534661,0.0135942301603592,0.6138123401042814,0.8484451014231933,0.4068895504801348,0.5286382984835928,0.6371519030171494,0.5103971728670584,0.0,0.0,0.0
2018-07-16,661.0999755859375,661.5499877929688,655.0,0.5681729801287974,647.0339965820312,55711.0,0.4500202731250142,0.0106696223231779,0.6071092744689026,0.8415779797600473,0.3631525139354005,0.5216202603787294,0.6283672227433099,0.5059324216406321,0.0,0.0,0.0
2018-07-17,655.2000122070312,666.0,654.5,0.6009823183889114,655.2673950195312,56942.0,0.5878207232787679,0.0198721405201241,0.6042147653315668,0.8360871721700276,0.4726953646168936,0.5296515289526439,0.6533570868599968,0.5042911625879433,0.0,0.0,0.0
2018-07-18,667.0,668.0,640.0,0.540668065239275,640.1317749023438,273188.0,0.3417560177081626,0.0961296734096153,0.5966738358630859,0.8287347102784697,0.3432987883514103,0.5149597302662916,0.6250053379275626,0.4994465671405982,0.0,0.0,0.0
2018-07-19,650.0,656.9500122070312,631.0,0.479960740839779,624.8976440429688,190097.0,0.3369461517987189,0.0132826578559305,0.5807540820989088,0.8171446225676382,0.2464749789335115,0.4824870912569241,0.5644949547962085,0.4877651760867038,0.0,0.0,0.0
2018-07-20,632.0,638.0,628.0,0.4772102013860615,624.2073364257812,295830.0,0.4928287365292456,0.0306599141968484,0.5629808184413729,0.8076914572784926,0.2425424933697713,0.4578768648698884,0.5328140400101693,0.4725043011853765,0.0,0.0,0.0
2018-07-23,633.5,657.2000122070312,630.0,0.5546169383970536,643.6322021484375,128365.0,0.7141703534117507,0.0079922357499391,0.556836359688841,0.8021282116402793,0.4581823800269627,0.4693365335717028,0.5842085094161213,0.4630502558635744,0.0,0.0,0.0
2018-07-24,652.5,658.1500244140625,647.4000244140625,0.5620826540823112,645.5056762695312,98615.0,0.5204097892242043,0.0147448126990602,0.5534340740125452,0.7986149663029343,0.4759459693464462,0.4830724184551989,0.6301667663844988,0.4587888269666922,0.0,0.0,0.0
2018-07-25,655.7000122070312,664.7999877929688,651.0999755859375,0.5821218532865755,650.534423828125,309730.0,0.5539271461024049,0.0626650603663247,0.5522407387074697,0.7974704416044753,0.5236119030513824,0.503082806033318,0.6802824633204259,0.4601897449084829,0.0,0.0,0.0
2018-07-26,663.0,682.0,658.25,0.6349706305747795,663.7965698242188,349706.0,0.6404487308388798,0.0220327089317388,0.5565571027385858,0.7979775079418241,0.6349322069674688,0.5399088456554729,0.7561505534267947,0.4701626565854734,0.0,0.0,0.0
2018-07-27,684.7999877929688,697.7000122070312,672.6500244140625,0.7168958882804692,684.3554077148438,378854.0,0.7131553910570256,0.0211093264334428,0.5733147513299768,0.802157179785528,0.7673041007105752,0.600237734740132,0.8668476631700033,0.492642736030799,0.0,0.0,0.0
2018-07-30,694.0499877929688,703.5499877929688,684.5,0.6984282546041678,679.720947265625,111734.0,0.4539005923208624,0.0051849900242376,0.5901485524548615,0.807104693171568,0.7244002798320455,0.6411836860368022,0.9141678824393686,0.5204693138861489,0.0,0.0,0.0
2018-07-31,683.2000122070312,711.7000122070312,682.5499877929688,0.6852652841222837,676.4177856445312,300404.0,0.4670356290367318,0.05353093542562,0.6010410302380884,0.8108787137139002,0.6938283296144485,0.6684377761688349,0.922894433645984,0.5492818654515017,0.0,0.0,0.0
2018-08-01,691.0999755859375,708.25,686.9500122070312,0.7220038959380437,685.63720703125,141857.0,0.594036801160631,0.0087659282621803,0.6244763292929152,0.8132401923164752,0.7517277572559193,0.703099714324577,0.9456359738527296,0.5806638812001194,0.0,0.0,0.0
2018-08-02,691.2000122070312,705.0,685.5499877929688,0.7214146487989921,685.4893188476562,156616.0,0.4989344262910536,0.021527244460638,0.6556811083990404,0.8156886018824023,0.7502381495641388,0.7293726019614253,0.9459813848821798,0.612084923384968,0.0,0.0,0.0
2018-08-03,704.0,704.0,686.0,0.7001964756689736,680.1646118164062,86846.0,0.4470610980856072,0.010428092127856,0.6844991859009029,0.8165506164244025,0.6956798658907277,0.7411481658933061,0.9154144567896646,0.6400523460606663,0.0,0.0,0.0
2018-08-06,691.0,697.4000244140625,680.0999755859375,0.6876227523261411,677.0093994140625,137689.0,0.4685507119052565,0.0312503547431355,0.7016884584977605,0.8167317115448833,0.6638460260712447,0.7446265775609915,0.8733086079890239,0.663262418556225,0.0,0.0,0.0
2018-08-07,695.7999877929688,695.7999877929688,683.0,0.6856581155483181,676.5164184570312,186264.0,0.4954137054852928,0.0265513467807677,0.7176589806175993,0.8153988496896307,0.6586971561201442,0.7454862861550452,0.8340526019001083,0.6820371317618457,0.0,0.0,0.0
2018-08-08,686.0999755859375,689.0499877929688,673.75,0.6506877247973639,667.7406616210938,86449.0,0.4113137684982116,0.0086023285071865,0.7265202282685368,0.8129214719784548,0.5700429504836759,0.7320842226448847,0.7723056794050123,0.6938353383484944,0.0,0.0,0.0
2018-08-09,684.4000244140625,684.4000244140625,669.0,0.635756533250674,663.9938354492188,136388.0,0.4618722291451845,0.0310934485804102,0.7266217959739736,0.8105455093032559,0.5347899219088526,0.7150684485005374,0.7152199219983153,0.699183682362179,0.0,0.0,0.0
2018-08-10,675.0,675.9500122070312,644.0,0.5434186046929925,640.822021484375,357324.0,0.2607083309635816,0.0521442429594758,0.7042021119852913,0.8067642467246117,0.3596695148676899,0.6668026172926136,0.6030663869736888,0.6918603036757963,0.0,0.0,0.0
2018-08-13,653.0,661.5499877929688,651.0,0.5583497962396824,644.5689086914062,227848.0,0.5405784769784394,0.012107236601263,0.686098792027726,0.8058442870495783,0.3971242426774375,0.6342542405831164,0.5467826610273994,0.6781776803382187,0.0,0.0,0.0
2018-08-14,655.0,662.0,653.75,0.5785854111569639,649.6470336914062,40999.0,0.5545301708786855,0.002862535834403,0.6723118051071633,0.8049532955197947,0.4470639486084677,0.6163517636066317,0.5329150347433318,0.6629282163768366,0.0,0.0,0.0
2018-08-16,661.0,663.3499755859375,646.1500244140625,0.5381139414985752,639.4908447265625,310896.0,0.3930324428425078,0.1523875142780806,0.6485464187581944,0.7999478281581869,0.3769290695113399,0.5876881754875853,0.4989265207591025,0.6438385433297495,0.0,0.0,0.0
2018-08-17,653.75,658.7000122070312,652.0499877929688,0.5632613881842397,645.801513671875,151040.0,0.5681994762616125,0.0090406346395844,0.6281071655520281,0.7945801705556148,0.4389588768337516,0.5751756187817951,0.5060972525348507,0.6255590589637314,0.0,0.0,0.0
2018-08-20,661.0,674.0,660.0499877929688,0.6324165068340797,663.1556396484375,171665.0,0.6849984171852493,0.0221839083939288,0.6193474856065282,0.791711625615692,0.5843206657279989,0.591726643189228,0.5736670091958199,0.6149139770187412,0.0,0.0,0.0
2018-08-21,672.5999755859375,684.0,663.5999755859375,0.6227897386579819,660.7398071289062,118889.0,0.4753933229813366,0.013216352671892,0.6109686613108325,0.7855688755919372,0.5650728873041015,0.601738637727342,0.6138109379364922,0.6088045767442515,0.0,0.0,0.0
2018-08-23,675.0999755859375,675.0999755859375,667.0499877929688,0.6225933229449647,660.690673828125,77770.0,0.4999034111624576,0.0124402680362593,0.6028183566038416,0.7783467968816051,0.5646598383282939,0.6099992101145629,0.6421999060523529,0.6059027180922907,0.0,0.0,0.0
2018-08-24,666.5999755859375,673.5999755859375,660.0999755859375,0.5864439582682559,651.6190185546875,136148.0,0.406103574339804,0.0345872300434327,0.5945156848416402,0.7723489229542357,0.4902377036700089,0.6035037591637806,0.6335174365776592,0.6020198663266402,0.0,0.0,0.0
2018-08-27,665.0,670.0,657.0,0.5846759770272758,651.1753540039062,105281.0,0.4957390075231152,0.0148466995238688,0.5879141869116977,0.7680750781108667,0.4866895010310315,0.5982301171514002,0.6291708764318421,0.5976459163102313,0.0,0.0,0.0
2018-08-28,660.0,663.4000244140625,654.0,0.5762279429531065,649.0553588867188,164292.0,0.4780531687435548,0.0307468445904947,0.5921543674152079,0.7661120087733524,0.4689503395595835,0.5915046090169539,0.6226047630375734,0.5925300907200289,0.0,0.0,0.0
2018-08-29,660.0,673.5,658.25,0.61964636777823,659.9510498046875,215118.0,0.6157233749353086,0.0256742826168156,0.6000761525334934,0.7657425764960761,0.574003720999211,0.6028902197213263,0.6558835284230601,0.5911742829185915,0.0,0.0,0.0
2018-08-30,672.8499755859375,674.7999877929688,650.5499877929688,0.5996071685739657,654.9222412109375,325212.0,0.4480757632170934,0.0297627069329465,0.6027929414318982,0.7644024726045107,0.5284692651754752,0.6048791546260573,0.662514982858868,0.590567733280887,0.0,0.0,0.0
2018-08-31,664.1500244140625,678.0,659.2000122070312,0.6318272596950281,663.0077514648438,121399.0,0.5852171070501679,0.0067677940569148,0.614904169692144,0.7638519452067536,0.6013806950572851,0.6188005391455291,0.693206598182711,0.5934288910009172,0.0,0.0,0.0
2018-09-03,668.5999755859375,675.0,665.0,0.6104126708519919,657.6338500976562,88542.0,0.444741277010129,0.0139592846984329,0.6209978600890138,0.762620498387478,0.5512434005210094,0.622086476655945,0.6951328296688223,0.5965076849393938,0.0,0.0,0.0
2018-09-04,671.4000244140625,675.0,663.0499877929688,0.6021610524908403,655.5631713867188,82766.0,0.4787876104957871,0.0181082612467876,0.6170877358855331,0.7596722645205141,0.5321153111484982,0.6218679277769691,0.6892179715402401,0.598918185702812,0.0,0.0,0.0
2018-09-05,660.0499877929688,672.4500122070312,660.0499877929688,0.6200394390280897,660.0496826171875,169872.0,0.5474246235616126,0.0406826425584502,0.6167322954076724,0.7567240394960857,0.5759525255502715,0.6285649139739151,0.6991989816657157,0.6024563958384653,0.0,0.0,0.0
2018-09-06,669.4000244140625,681.9000244140625,666.4500122070312,0.6579567849457786,669.5648803710938,139910.0,0.599436697376375,0.0158633834992074,0.6213025632053246,0.7559054860144947,0.6607196779070759,0.6480109592232736,0.7343075894269288,0.6099613694099555,0.0,0.0,0.0
2018-09-07,680.5,685.0,671.0999755859375,0.6463653799918578,666.656005859375,1353205.0,0.4705751193096573,0.1945795441781649,0.6290466280846791,0.7556664369184443,0.6295567165257914,0.6589235052051923,0.7442393377873457,0.6185884864887583,0.0,0.0,0.0
2018-09-10,671.2000122070312,686.8499755859375,671.2000122070312,0.6459725485658234,666.5574951171875,125634.0,0.4994001032464578,0.0011033510329671,0.6369684132029647,0.75705724390673,0.6284593135595675,0.6671653551115455,0.7465027935957534,0.6274713412430762,0.0,0.0,0.0
2018-09-11,674.0499877929688,682.0,671.4000244140625,0.6483300167696808,667.1490478515625,391766.0,0.5065122176335531,0.062210851549817,0.6462866690371993,0.7573832151235971,0.6343439101018582,0.6742374789833934,0.745824949907735,0.6362776094925936,0.0,0.0,0.0
2018-09-12,673.4000244140625,675.8499755859375,663.0,0.635363462000814,663.8951416015625,232965.0,0.4669140853299006,0.0112387856688859,0.64831789916949,0.757948226593979,0.5943217758861035,0.6746481675607429,0.7311103791322897,0.6434213446754893,0.0,0.0,0.0
2018-09-14,671.25,678.0,666.2999877929688,0.6225933229449647,660.690673828125,717060.0,0.4672598533297912,0.0613961003408438,0.6512885608403187,0.7579192496061946,0.5556195211535175,0.6699077060173612,0.7083795793058986,0.6479968291823138,0.0,0.0,0.0
2018-09-17,664.6500244140625,668.5999755859375,633.0,0.5149313714145589,633.6732788085938,1979234.0,0.2195301099288775,0.0549779592844745,0.6361812867314129,0.754818906449068,0.318124401350429,0.6261095480339532,0.6070991494654915,0.6411290941633389,0.0,0.0,0.0
2018-09-18,642.0,642.0,619.9000244140625,0.4377210501165844,614.2977294921875,350633.0,0.2903886716700435,0.0028063009128514,0.6138631394540561,0.7487196263282581,0.2121512248356807,0.5634659302493913,0.4859808289270173,0.6205767457131028,0.0,0.0,0.0
2018-09-19,623.3499755859375,635.0,610.0,0.396267262069284,603.8950805664062,208275.0,0.3840967849161789,0.011225529951214,0.5872540433175262,0.7406645189062449,0.166960268550786,0.4999883240559799,0.3873118506087881,0.5888762338806516,0.0,0.0,0.0
2018-09-21,616.0,629.7000122070312,589.5,0.3998034643750698,604.7825317382812,1139496.0,0.5105092964192122,0.1097319871407655,0.5587914062935253,0.733203399942397,0.1774998193234558,0.453210850833856,0.3439064320850525,0.5522715393392704,0.0,0.0,0.0
2018-09-24,610.0,610.0,582.0,0.2958743706872928,578.7020874023438,287803.0,0.2042033154064939,0.0043294999342445,0.5119969607173651,0.7224173816405335,0.0830349564943328,0.3803270098373322,0.2536404383503934,0.5054680967905221,0.0,0.0,0.0
2018-09-25,575.0,582.0,555.0,0.2139488731577783,558.1432495117188,367015.0,0.2563934939834369,0.0249848570862649,0.4561127479015634,0.7085020343512243,0.030011968322396,0.2959534812708728,0.156983173968392,0.4477437853549671,0.0,0.0,0.0
2018-09-26,574.9500122070312,590.0,571.3499755859375,0.2579567849457786,569.1868286132812,141456.0,0.6363255491401372,0.0070128133308925,0.4059667540106577,0.6958326179538163,0.1406929087368756,0.250089750982798,0.1615874915168501,0.3905396950179652,0.0,0.0,0.0
2018-09-27,581.5499877929688,581.5499877929688,546.0,0.1579567249898223,544.0923461914062,615329.0,0.1975774366174219,0.0870874458983188,0.3425923800820367,0.6800049044237122,0.0737124634438866,0.1816889083104703,0.1173229269033325,0.3283343509255775,0.0,0.0,0.0
2018-09-28,560.0,560.0,508.0,0.0,504.4538269042969,527415.0,0.0,0.0165401413684917,0.2604799112824536,0.6590558200021324,0.0,0.0749871131015249,0.0004254683658013,0.2529212895855353,0.0,0.0,0.0
2018-10-01,512.0,533.0,485.0,0.0383102972556357,514.067626953125,568704.0,0.6313218194717566,0.0210070369913724,0.184968924915756,0.6383095612312388,0.0752282777076506,0.0120417891502121,0.0,0.1774601564914649,0.0,0.0,0.0
2018-10-03,525.0,554.5,521.3499755859375,0.1196463078222738,534.4784545898438,1232831.0,0.773142791906946,0.0430125121445501,0.1338834684921992,0.6227860839665311,0.2196637647735562,0.0,0.1079576004204324,0.1141966663481226,0.0,0.0,0.0
2018-10-04,542.2999877929688,584.0,535.0,0.2113949892409037,557.5023803710938,1801469.0,0.7963090811229934,0.028741945525404,0.1046337669848704,0.6128838063156037,0.3569618395242762,0.0318260775149239,0.2876531744928757,0.0712361696376258,0.0,0.0,0.0
2018-10-05,567.5999755859375,580.7000122070312,540.0499877929688,0.1834970031015217,550.5015869140625,874787.0,0.4141593552360497,0.0090360871677499,0.0771359766713515,0.6020543181107962,0.3338495007290522,0.0534325457061034,0.4096672734111654,0.0420614963222776,0.0,0.0,0.0
2018-10-08,565.0,566.5,533.0999755859375,0.1487230280635842,541.775146484375,237685.0,0.3915325045939226,0.0047159969559946,0.0446870939044887,0.5870886191226932,0.3054254291095492,0.0642443215660972,0.4843126951450505,0.0213206729505238,0.0,0.0,0.0
2018-10-09,553.8499755859375,564.4000244140625,540.0499877929688,0.1127700790998931,532.7528686523438,205413.0,0.3860276936830186,0.0166834807129595,0.0210232442668449,0.5705220321955027,0.2768272239364637,0.0660397090116849,0.5248465413372236,0.0051595862656398,0.0,0.0,0.0
2018-10-10,540.0,595.0,535.9500122070312,0.1943025053795479,553.2130737304688,152186.0,0.7642129033415486,0.0141921863380672,0.0184842066014825,0.5562227597137586,0.3974941856622963,0.1041779418632425,0.6345935251047599,0.0013983168951688,0.0,0.0,0.0
2018-10-11,560.0,560.0,532.0,0.1149311315907333,533.2952270507812,223216.0,0.2531085163378692,0.0288527459531077,0.0,0.5370484030516316,0.329559442443135,0.1108786267161751,0.6555072934591556,0.0,0.0,0.0,0.0
2018-10-12,550.0,554.7999877929688,540.5,0.1607072644435394,544.7825317382812,213930.0,0.6483732772293342,0.0185856056711953,0.0003554714719733,0.5165411933767876,0.3925355338066768,0.1391320595370758,0.7180920778695418,0.0056728559672628,0.0,0.0,0.0
2018-10-15,556.0,556.0,535.0,0.1064833373403897,531.17529296875,266017.0,0.3288490035701547,0.0243435180226351,0.0141170587176482,0.4947156147618505,0.3459441416651508,0.1469854361936184,0.7247585034436355,0.0120989213296374,0.0,0.0,0.0
2018-10-16,542.2000122070312,549.5499877929688,538.7000122070312,0.1375244545356979,538.96484375,505786.0,0.6011472320430069,0.0376306229520447,0.0269391989277276,0.4745198833887141,0.3892852703672007,0.1702838335807216,0.7629511393629975,0.0228402005766971,0.0,0.0,0.0
2018-10-17,551.0,567.0,549.0,0.1899804003978675,552.1285400390625,379784.0,0.6681801741397906,0.0143941772900302,0.0360289661673696,0.4549036652436546,0.4594253236136101,0.2133333234918854,0.8355259709222481,0.0417813831109868,0.0,0.0,0.0
2018-10-19,558.0,581.8499755859375,555.25,0.206483397296346,556.2698364257812,1287121.0,0.5519372723778455,0.0676798811009242,0.0353942067510293,0.4359176545808561,0.4809690394569842,0.2580770346961502,0.8971903154293548,0.0676897421493779,0.0,0.0,0.0
2018-10-22,574.0,578.0,553.0499877929688,0.1817287820367155,550.0577392578125,1008814.0,0.4237086082342862,0.0150586154392743,0.035165687162324,0.4168012518942987,0.4537900477556295,0.2883877167610884,0.915815321697605,0.0957024567452325,0.0,0.0,0.0
2018-10-23,547.2000122070312,586.0499877929688,545.0999755859375,0.2666012347329651,571.3560791015625,719595.0,0.766380468748846,0.0136353314588421,0.0503999131544978,0.4012777834721257,0.5634322581215199,0.3475677231362959,0.9921352139145608,0.1323382121615119,0.0,0.0,0.0
2018-10-24,586.0,599.7999877929688,558.25,0.2049115919445574,555.8753662109375,226896.0,0.3143053159999949,0.0055967081317353,0.0623080060038692,0.383552196616387,0.4931352002391195,0.3745163504093803,0.984618422364206,0.1681246791616982,0.0,0.0,0.0
2018-10-25,563.5499877929688,569.0,556.8499755859375,0.2035364421296113,555.5303955078125,112717.0,0.4961516088708732,0.0092619333196443,0.0635013723030573,0.3670652986162377,0.4915952552200893,0.3982000835605872,0.9716588816730448,0.2024469060385342,0.0,0.0,0.0
2018-10-26,563.0499877929688,578.0,552.0,0.2310413570191336,562.4326171875,587007.0,0.5857588391732642,0.1044135730352004,0.0785071097006384,0.3521430606885429,0.5287796951617019,0.4297312110812507,0.9779866892982216,0.2374840833938192,0.0,0.0,0.0
2018-10-29,568.0499877929688,585.0,566.0499877929688,0.2644401822421249,570.8137817382812,398793.0,0.6027748637294913,0.0129497973259603,0.0919132409713956,0.3418568578451806,0.5729074006653783,0.4692298846798923,1.0,0.2750084455610864,0.0,0.0,0.0
2018-10-30,580.0,580.0,556.1500244140625,0.1858547111292043,551.0932006835938,158937.0,0.2631073189835753,0.0072778508378107,0.1021709593382822,0.328122605676354,0.4755032666907271,0.4731268077709184,0.9418674314052689,0.3059646706748642,0.0,0.0,0.0
2018-10-31,558.5,567.0,547.0499877929688,0.1917486214626733,552.572265625,96124.0,0.5188508495111372,0.0114435832143533,0.1091787280899718,0.3138595610612409,0.4839006967827567,0.4803132666870535,0.9023599095451816,0.332457118864732,0.0,0.0,0.0
2018-11-01,558.0,569.0,557.5,0.2051080076575746,555.9246215820312,109226.0,0.5420895989765495,0.0221788564988485,0.1111337746946556,0.301581311892579,0.5037519140372815,0.4927546472760149,0.8819338106770773,0.3566417141577299,0.0,0.0,0.0
2018-11-02,561.2000122070312,571.9500122070312,560.25,0.2031433708797516,555.4317016601562,151367.0,0.4943242077324324,0.0272184143657011,0.1107021196950772,0.2883034141218452,0.5010612498652984,0.5035069603557969,0.861999417069542,0.3785740121162461,0.0,0.0,0.0
2018-11-05,558.0,580.0,558.0,0.2605109086864789,569.8278198242188,140781.0,0.6784490390274975,0.0180133037274279,0.1208836855284696,0.2745908969044892,0.5880089067868761,0.5347450089134893,0.8896355880636497,0.4036287965416584,0.0,0.0,0.0
2018-11-06,573.5999755859375,590.9000244140625,573.5999755859375,0.2673871374088592,571.5532836914062,259120.0,0.5212162378611206,0.0364038087311584,0.1209852532339064,0.261486861060459,0.597981385808755,0.5630134810890884,0.9054267099884968,0.4304677486984818,0.0,0.0,0.0
2018-11-07,589.0,589.0,575.75,0.2599214217236016,569.6798095703125,34093.0,0.4779003870573034,0.0018856162766479,0.1280945586969206,0.2481147991325958,0.5854176552090933,0.5833318416191775,0.9011456349232146,0.4568230014688034,0.0,0.0,0.0
2018-11-09,580.0,588.7999877929688,571.0999755859375,0.2485264324826981,566.8203735351562,531454.0,0.4659372983033972,0.3140770135399504,0.1339089301553109,0.2356554548434521,0.5655490583092599,0.5957375127878136,0.8808864186933199,0.4808892566597837,0.0,0.0,0.0
2018-11-12,572.0,582.75,570.4500122070312,0.2493123351585922,567.0175170898438,359942.0,0.5028057637799445,0.0129076068224459,0.1362702165876306,0.2232902747114389,0.5669555140696558,0.6063049670224985,0.8607682137299875,0.5026824464992129,0.0,0.0,0.0
2018-11-13,571.2999877929688,575.6500244140625,560.8499755859375,0.2379175857415143,564.1580810546875,110885.0,0.4657761415862692,0.0054503319693684,0.1328425157393913,0.2108164463496704,0.5450544354036235,0.6108093258915934,0.8317743304178158,0.5211997480730669,0.0,0.0,0.0
2018-11-14,576.0,585.0,572.0499877929688,0.2805501078907433,574.8564453125,431328.0,0.630674200882184,0.0777944978640672,0.145080664888793,0.1983136410001194,0.6248451515630808,0.6304827667130198,0.8408516556567623,0.5407426557346915,0.0,0.0,0.0
2018-11-15,584.0,584.0,576.5499877929688,0.2650294293811766,570.9617309570312,156975.0,0.4538768465942336,0.0065787899917557,0.1545512567841269,0.1859774378558896,0.5926193495289243,0.6403208019573985,0.8271885542991376,0.5587418311226191,0.0,0.0,0.0
2018-11-16,581.9000244140625,581.9000244140625,567.0,0.2581532006587959,569.236083984375,64388.0,0.4796566979780935,0.0075128480075324,0.1614066584806051,0.172199715784119,0.5780588852006072,0.6455362649943578,0.8064234868364029,0.5743948550791345,0.0,0.0,0.0
2018-11-19,583.9000244140625,583.9000244140625,566.0999755859375,0.2245579597227873,560.8054809570312,438124.0,0.39868540171934,0.1366620266412729,0.1641742157346728,0.1579728813505676,0.5089828555127864,0.6371941731297511,0.760967547091662,0.5849120171710207,0.0,0.0,0.0
2018-11-20,572.0,572.0,562.0,0.2119842363799553,557.6502685546875,282576.0,0.461768698409966,0.0122550252596252,0.1579027741047602,0.1435866867480051,0.4842651501412691,0.6260955495467849,0.7187382358973963,0.5906578796230778,0.0,0.0,0.0
2018-11-21,566.0499877929688,570.25,558.0999755859375,0.1909627187867792,552.375,215124.0,0.4354376161885191,0.0146045815699671,0.1480259113876783,0.1277662152542138,0.4435588526007053,0.6098410778884664,0.6739856487724433,0.5913473488545958,0.0,0.0,0.0
2018-11-22,560.0,579.5,560.0,0.2400786382323545,564.700439453125,588100.0,0.6536846131199154,0.0544440373248716,0.145461489544485,0.1123586459406427,0.555994469973526,0.6156580422093196,0.6851408647250765,0.5932971956852693,0.0,0.0,0.0
2018-11-26,566.3499755859375,574.9500122070312,560.0999755859375,0.2223969072319471,560.2632446289062,53829.0,0.4464433579964932,0.001076862635859,0.1420845880460204,0.0967265204461806,0.519447031270601,0.6140099925016181,0.678183116778885,0.5944609179183389,0.0,0.0,0.0
2018-11-27,567.0,574.0,563.25,0.231434188445168,562.5311279296875,52652.0,0.5282200613416776,0.0189842155886393,0.1397740699693628,0.0814420922775225,0.5399793218438984,0.6164085123159708,0.6812260511099683,0.5959684475938535,0.0,0.0,0.0
2018-11-28,568.0,584.0,566.0,0.2253438623986818,561.0027465820312,120739.0,0.4817537577446586,0.0455445141358762,0.1381490796647093,0.0658461858071568,0.5262525642758542,0.6163583018563416,0.6784506910111748,0.5971624018340774,0.0,0.0,0.0
2018-11-29,572.5,574.5,565.0,0.2359529489636913,563.6651000976562,150064.0,0.533012876738968,0.024331448496181,0.1323854765619811,0.0511195359151042,0.5526539438033626,0.620562932584027,0.6852826364718021,0.5991282668157688,0.0,0.0,0.0
2018-11-30,571.6500244140625,577.7000122070312,569.0999755859375,0.2349706305747796,563.4185180664062,40722.0,0.4974118363878723,0.0047090908999178,0.1285007675304443,0.0368275143122067,0.5501348399870354,0.6237685522228589,0.688622782916198,0.6014715198977256,0.0,0.0,0.0
2018-12-03,565.2000122070312,572.0,562.0,0.2269154279266447,561.397216796875,63727.0,0.4757718359284402,0.0308360891861219,0.1244636914436956,0.0262080893731306,0.5285502957817005,0.623540510611591,0.6839897382187505,0.6032913061299734,0.0,0.0,0.0
2018-12-04,569.0,578.0,565.1500244140625,0.2288800647044682,561.89013671875,288155.0,0.5064480389465728,0.0905562434882744,0.1250222673324303,0.0185079213132324,0.5344177895550746,0.6243286221609765,0.6824451823800066,0.604936579955822,0.0,0.0,0.0
2018-12-05,565.0,575.0,565.0,0.2404714696583889,564.7989501953125,85850.0,0.535974862482771,0.0052456569275615,0.1287038719472057,0.0127635805545383,0.5698697094455132,0.6294623333062386,0.6904548610195539,0.6074868312896439,0.0,0.0,0.0
2018-12-06,573.0,578.0,563.0,0.2208251018801585,559.8688354492188,76272.0,0.4404568854425668,0.0171724597956659,0.1325631968009117,0.0061644761326915,0.5104185676240611,0.6263954468512639,0.6794157189890566,0.6087898196938899,0.0,0.0,0.0
2018-12-07,568.0,571.9000244140625,559.3499755859375,0.2001964157130169,554.6921997070312,103784.0,0.4369045459723805,0.0267113374504702,0.1274089379425813,0.0026367378801861,0.4527089934662232,0.6165754357536852,0.6562170391819787,0.607471693770724,0.0,0.0,0.0
2018-12-10,558.0,570.0,555.0,0.1998035842869825,554.5936279296875,114905.0,0.4991950834175367,0.0215901370650884,0.1244890446274151,0.0021151874702125,0.4516160842911202,0.6090564283407902,0.6425535125357831,0.6046097875224211,0.0,0.0,0.0
2018-12-11,556.1500244140625,565.9500122070312,556.1500244140625,0.200589486962877,554.7907104492188,104981.0,0.5028584534299184,0.0176814352092181,0.1205027678904411,0.0,0.4546515565513342,0.6038615968998804,0.6365674077803771,0.6010715382636425,0.0,0.0,0.0
2018-12-12,567.75,572.0,562.7999877929688,0.2304518700562567,562.2845458984375,72595.0,0.5931971688459855,0.0131949850649772,0.1211629114846131,0.0026729657468171,0.5637131017337518,0.6112947646777136,0.6586447671645266,0.6000277103889445,0.0,0.0,0.0
2018-12-13,574.9500122070312,575.0,562.25,0.233398825222991,563.0241088867188,151320.0,0.5094498706288054,0.0413290510964165,0.120832824190471,0.0112786049878552,0.5737960172709833,0.618587906201595,0.6760087468777235,0.60094576036185,0.0,0.0,0.0
2018-12-14,571.0,574.7999877929688,550.5,0.2176817310004071,559.0799560546875,98357.0,0.4522974622001,0.0123565247049809,0.1185984586473072,0.0178922023248633,0.5181066965208323,0.6187892273927015,0.6748119846950927,0.6017285935668408,0.0,0.0,0.0
2018-12-17,567.0,594.0,567.0,0.3072691201043711,581.5614624023438,230206.0,0.7766251867700809,0.046501145267275,0.128983128897461,0.0248100359272642,0.7664527526566365,0.6523568537396575,0.7448418511666952,0.610423785918211,0.0,0.0,0.0
2018-12-18,598.0,607.1500244140625,576.3499755859375,0.2986246703171851,579.3922119140625,413782.0,0.4747941581083515,0.035532339235952,0.1379967126094974,0.0280262781929918,0.7363573222941318,0.6753731065298396,0.7784175510048474,0.6229125453445409,0.0,0.0,0.0
2018-12-19,590.9500122070312,590.9500122070312,577.6500244140625,0.2807465236037605,574.9058837890625,155299.0,0.4472276104591853,0.0068086762813835,0.1432017398234903,0.0316119615785304,0.6752928426759923,0.6864471659499556,0.7798709291258028,0.6355655154176688,0.0,0.0,0.0
2018-12-20,580.5999755859375,596.0,575.6500244140625,0.3176817909563634,584.174560546875,134271.0,0.6111572233305482,0.0166910149327771,0.1557192079113711,0.0378416337231017,0.7588879355451381,0.7082998986319969,0.8039654082316585,0.6509408121456358,0.0,0.0,0.0
2018-12-21,593.1500244140625,605.5499877929688,577.2999877929688,0.3375245744476105,589.1539916992188,2025095.0,0.558965621225378,0.3038526623030149,0.1734670873910762,0.0461285482048525,0.7986705293731804,0.7320303416402417,0.827235846234612,0.6689453308363148,0.0,0.0,0.0
2018-12-24,584.9000244140625,589.5999755859375,576.5499877929688,0.2666012347329651,571.3560791015625,144403.0,0.292912106694131,0.0006683932082772,0.182099815453308,0.0487942719153577,0.5871499669389737,0.7234105998718681,0.7770267305955515,0.6812769477298808,0.0,0.0,0.0
2018-12-26,576.0,584.0,570.1500244140625,0.2485264324826981,566.8203735351562,81515.0,0.4458862315303435,0.0106296868565155,0.1882950425615019,0.0537200591924618,0.5431385611256969,0.7090784958714669,0.7247063083407946,0.6876971158027108,0.0,0.0,0.0
2018-12-27,544.0,605.0,540.3499755859375,0.310412490984123,582.3502807617188,926443.0,0.688612900885666,0.22878108265027,0.1986289134618819,0.0592398349277303,0.6764550250784707,0.719991046668135,0.7365583231618844,0.6954563896399463,0.0,0.0,0.0
2018-12-28,600.0,605.0,587.25,0.3426325821051854,590.435791015625,519520.0,0.5957849678000032,0.0105543870892303,0.2127459566824741,0.0679468847834776,0.7339653119921945,0.739592051706452,0.7645247417204869,0.7063754631287114,0.0,0.0,0.0
2018-12-31,595.0,605.7999877929688,595.0,0.3388997242625566,589.4990844726562,169943.0,0.4895181284051133,0.0058351361520975,0.2284118066801141,0.0753717847232291,0.7238182346889424,0.7524871880430797,0.7726310480533032,0.7182104316532297,0.0,0.0,0.0
2019-01-01,595.25,601.7999877929688,592.2000122070312,0.3428289978182026,590.4850463867188,40902.0,0.5119051419750048,0.0040893547630905,0.2330074586555977,0.0810074595670995,0.7312336243342441,0.7628137244829563,0.7736513612737083,0.7301606807722774,0.0,0.0,0.0
2019-01-02,593.4000244140625,604.0,593.4000244140625,0.354027571346089,593.2952880859375,115282.0,0.5331061403391159,0.0561552022565624,0.2401675634683866,0.0864475552178634,0.752967713380672,0.7736971760833703,0.7756524565652697,0.742337024633907,0.0,0.0,0.0
2019-01-03,598.4000244140625,603.0,590.0,0.3475441740497431,591.6683349609375,415471.0,0.4815794439014668,0.0720196941961357,0.2488002915306189,0.0925613282538337,0.731989784427284,0.7783569454942492,0.7640123627655422,0.7531982067326862,0.0,0.0,0.0
2019-01-04,603.0,615.0,600.0,0.3585460920407866,594.4291381835938,119061.0,0.5324678453178613,0.0050161870409081,0.2540814712781052,0.0959514236037302,0.755325828000573,0.7845507996569103,0.7579640742765178,0.7633760199610495,0.0,0.0,0.0
2019-01-07,602.8499755859375,608.8499755859375,597.7000122070312,0.3569745265128237,594.0348510742188,316222.0,0.4958586162698501,0.0528725384460757,0.2565951247656364,0.1015581303023518,0.7496624923754815,0.7872283101007798,0.7456443735353491,0.7721618856997003,0.0,0.0,0.0
2019-01-08,600.0,626.9000244140625,600.0,0.3964636777823012,603.9443969726562,214725.0,0.6150017646015166,0.0129430465782459,0.2733781575348586,0.1086715430978602,0.8312472499256285,0.8022980674816957,0.762153289887291,0.7828130195286034,0.0,0.0,0.0
2019-01-09,615.0,649.75,615.0,0.5161101055164874,633.9690551757812,304725.0,0.8418981425667087,0.0278915230856318,0.3079598691335605,0.1191823021221125,0.993091214330559,0.8565345418929851,0.8586881557636298,0.8043711929885313,0.0,0.0,0.0
2019-01-10,642.0999755859375,648.4000244140625,631.0,0.483890014395425,625.8837280273438,165683.0,0.4128117712495597,0.0102099102648313,0.3303795841163546,0.127273628568223,0.8929488266958807,0.8847029984941716,0.8804559796290761,0.8283888148086583,0.0,0.0,0.0
2019-01-11,635.0,643.0,630.0,0.4986247902290976,629.581298828125,171998.0,0.5409961287242051,0.0201956828271321,0.3505395493781535,0.1388057623034848,0.9110670401428562,0.9094832367555544,0.8906617572893382,0.8535595414722571,0.0,0.0,0.0
2019-01-14,633.0,636.6500244140625,618.25,0.4263260608756805,611.438232421875,366016.0,0.3024708965211806,0.0422093403970504,0.3618382669890159,0.1474548581836643,0.7159008803672313,0.8991553283412896,0.8241333112484748,0.8712135187109618,0.0,0.0,0.0
2019-01-15,624.0,631.1500244140625,620.0,0.441257492246196,615.1852416992188,68669.0,0.5425092439835828,0.0030174900997101,0.3745588704877707,0.1561619168819463,0.7393430913160206,0.8936825899217453,0.7812399958055121,0.8840211734609424,0.0,0.0,0.0
2019-01-16,622.5,630.2999877929688,618.0,0.4314343083570806,612.7200927734375,440003.0,0.472891793765998,0.1286467224592671,0.3845626850881207,0.1645792233874585,0.7146728521315109,0.882925802886446,0.7356834568567963,0.8916816000954101,0.0,0.0,0.0
2019-01-17,621.5,633.5499877929688,618.0,0.4390961999315301,614.6428833007812,377003.0,0.5219703818360071,0.016533926948244,0.3963945944098865,0.1711638348941457,0.7280266153094472,0.8746148793575249,0.704441834173713,0.8958121765182618,0.0,0.0,0.0
2019-01-18,627.0,629.5,615.0,0.4267191321255406,611.5369262695312,107504.0,0.4657053500061757,0.0049876172478882,0.4052050737051611,0.1770385588340666,0.6943053995846384,0.8609077183131137,0.6679679659953174,0.8958217348808806,0.0,0.0,0.0
2019-01-21,625.0,644.7000122070312,612.5,0.4166995325234084,609.0225219726562,427431.0,0.472173960671355,0.0795332461465273,0.4129237544066848,0.1828191186168579,0.6667349595949126,0.8440003600432762,0.6319804075447333,0.8917652211287139,0.0,0.0,0.0
2019-01-22,620.0,629.7999877929688,611.7000122070312,0.4255403980236116,611.2410888671875,95583.0,0.5254380954951221,0.0037448096690139,0.4166815425490662,0.1893457938330476,0.6855838079682126,0.8317500049497244,0.6130981995239051,0.8855752917516864,0.0,0.0,0.0
2019-01-23,623.0,628.9000244140625,612.2000122070312,0.425933229449646,611.3396606445312,159259.0,0.5015236080248505,0.0328812537382012,0.4050273534662305,0.1958579761340768,0.6864604782717671,0.8201651633373996,0.5994083222534274,0.8778386048111869,0.0,0.0,0.0
2019-01-24,620.0,629.4000244140625,615.0999755859375,0.4190570007272658,609.6140747070312,129335.0,0.4810278044935301,0.0156308005183269,0.3966485291705348,0.20253676064043,0.6642167775941776,0.8065468127529566,0.5841301019423639,0.8683757005821302,0.0,0.0,0.0
2019-01-25,627.4500122070312,633.0,615.6500244140625,0.4243614240978575,610.9453125,222746.0,0.5154143419059853,0.0340134408434393,0.3870509543978202,0.2078392222311205,0.677775144285544,0.795992922096009,0.5784272066205779,0.8582684519007179,0.0,0.0,0.0
2019-01-28,621.0,624.4500122070312,595.25,0.3444008031699912,590.8795166015625,285382.0,0.274815677593787,0.0251054227772982,0.3764631797309046,0.210765721146612,0.4555090118806221,0.7564427659531315,0.5121749340519144,0.840675657390946,0.0,0.0,0.0
2019-01-29,600.0999755859375,617.9500122070312,595.7000122070312,0.3713162310966362,597.6339111328125,302014.0,0.5789335621107768,0.0206029656636221,0.3674241808469252,0.2149381509540049,0.5280672739703747,0.7341312361948382,0.4958485323207415,0.821238216295742,0.0,0.0,0.0
2019-01-30,607.0,616.4000244140625,596.0,0.3471513426237087,591.56982421875,260752.0,0.4307186475578932,0.0166663841191038,0.3565317030636983,0.2194582869297354,0.472108826401558,0.7066986289848003,0.4718922477494311,0.7990940625236269,0.0,0.0,0.0
2019-01-31,600.5,607.75,593.7000122070312,0.3277013905584955,586.6889038085938,780410.0,0.443742571264257,0.0596782342867301,0.3421353718987387,0.2237248897367916,0.4296767797377565,0.6773092383631547,0.4485641362900496,0.774314170524762,0.0,0.0,0.0
2019-02-01,600.0,604.0,588.0999755859375,0.3117878806228944,582.6954345703125,546770.0,0.4536612933763833,0.0133790430260426,0.3272820015563695,0.2281798297006423,0.3961785446483052,0.6480288916437612,0.4301336395344364,0.7474518997220516,0.0,0.0,0.0
2019-02-04,594.0,599.0,571.0999755859375,0.3070727043913539,581.5122680664062,146249.0,0.4864674977382116,0.0046306002762672,0.3131141589860031,0.2306499653755063,0.3861660096639577,0.6233070221444101,0.4250874655334609,0.7200194844506661,0.0,0.0,0.0
2019-02-05,589.75,594.0,582.0,0.2844793814463893,575.842529296875,53619.0,0.4334448185739854,0.006633202007025,0.2948838561510567,0.2329390059298886,0.3390153015961681,0.5958298413915775,0.4151885634901337,0.6914686368293718,0.0,0.0,0.0
2019-02-06,585.0,590.0,575.0,0.2664048190199479,571.306884765625,690808.0,0.4463117934772491,0.2594479386943756,0.2742668827059598,0.2342284067247328,0.3036015001101953,0.568177391034783,0.4068965533462145,0.6619809123352547,0.0,0.0,0.0
2019-02-07,580.0,584.4000244140625,575.0499877929688,0.2579567849457786,569.1868286132812,570245.0,0.4749268757509636,0.0159008552155121,0.2534467738499888,0.235430876556224,0.2873198624224171,0.5442611097087484,0.4082116965759998,0.6326417799502946,0.0,0.0,0.0
2019-02-08,577.25,583.9500122070312,575.0,0.2591355190477076,569.4826049804688,130409.0,0.5039854707187391,0.0038471587181313,0.2320934732831143,0.2362856402193767,0.2920200241696148,0.5271030260862263,0.4236419703498337,0.605046044689689,0.0,0.0,0.0
2019-02-11,576.0,579.0999755859375,561.0499877929688,0.2170922440375298,558.93212890625,339881.0,0.3731588517390601,0.0518687787377059,0.2156404968139216,0.235626446906795,0.2134743692735376,0.4994587278465012,0.4136766225759161,0.5763243696753959,0.0,0.0,0.0
2019-02-12,569.8499755859375,585.6500244140625,562.0999755859375,0.2479371853436465,566.6724243164062,288095.0,0.5955398799804199,0.0163484263240048,0.1996953588719137,0.2364015393279777,0.3308295024129863,0.4908562522555613,0.446216085700157,0.5512791820177333,0.0,0.0,0.0
2019-02-14,569.9000244140625,574.5,564.9000244140625,0.2237720570468933,560.6083374023438,24238.0,0.4269098644362467,0.0009274324342646,0.1837501899357931,0.236213202171184,0.2844308808003363,0.4769366328405899,0.4609353590913511,0.5278970587540617,0.0,0.0,0.0
2019-02-15,568.5499877929688,575.7999877929688,562.0,0.2249507911488217,560.9041748046875,72417.0,0.5040400939899848,0.0595737322095011,0.170471010548304,0.2356409398219545,0.2889097556781088,0.4683779222465997,0.4841161855494973,0.5071340326483309,0.0,0.0,0.0
2019-02-18,569.5,572.0999755859375,563.2999877929688,0.2194499520652129,559.523681640625,33962.0,0.4835111790205662,0.0087004379838273,0.158537533521101,0.2355902367252342,0.2778096502525448,0.4616478440304304,0.5065512874195531,0.4889058476386268,0.0,0.0,0.0
2019-02-19,573.6500244140625,573.6500244140625,560.9000244140625,0.1998035842869825,554.5936279296875,91484.0,0.4398915866583753,0.0536350059498618,0.1446743940670449,0.2355757526526094,0.2390123294781969,0.4511983817427195,0.516586327803823,0.4718114766367071,0.0,0.0,0.0
2019-02-20,564.5999755859375,571.0999755859375,556.0,0.1964635578703881,553.75537109375,1156061.0,0.4900347808555463,0.2544614156286058,0.1332994929285771,0.23545260266516,0.2325098751557098,0.4439814488515308,0.5314916111607918,0.456401186456885,0.0,0.0,0.0
2019-02-21,562.0,565.7000122070312,560.0,0.1976425317961423,554.05126953125,97421.0,0.5040856923480315,0.0009302157631843,0.1244128610998092,0.2353439455928718,0.2381441087622595,0.4410497771342055,0.5525327903286151,0.443368244326222,0.0,0.0,0.0
2019-02-22,565.25,570.0,556.75,0.1895873291480079,552.0299072265625,207746.0,0.4753551821145176,0.0422988423465997,0.1155769976267038,0.2338372306534495,0.2207132049386899,0.4380955816124293,0.5693178139570337,0.4322317664031891,0.0,0.0,0.0
2019-02-25,563.0,564.8499755859375,555.3499755859375,0.1941060896665307,553.163818359375,256241.0,0.5145256589681567,0.0241406778799957,0.1071727891531768,0.2323884696895959,0.2446207353682863,0.4398052593176416,0.5926682877274018,0.4237335533236882,0.0,0.0,0.0
2019-02-26,561.0,564.0,555.0,0.1878193479070273,551.586181640625,205333.0,0.480825682137674,0.0154131269270931,0.1033896478270768,0.2312874148940809,0.2294423266168315,0.4411553271032007,0.610583591660381,0.4172595097318122,0.0,0.0,0.0
2019-02-27,563.0,565.9500122070312,561.0999755859375,0.2031433708797516,555.4317016601562,91914.0,0.5483036157218493,0.008269329750972,0.0976006295524056,0.2274481983398688,0.3132885208307537,0.4501964914757628,0.6412787492885593,0.4142535737266808,0.0,0.0,0.0
2019-02-28,565.0,582.0,565.0,0.2630647926033536,570.4686889648438,232357.0,0.6863747093348112,0.0502875658647602,0.1026787048831301,0.2261370714360877,0.5631274259918715,0.4816454437240857,0.7135077543609077,0.4194084676318824,0.0,0.0,0.0
2019-03-01,581.9500122070312,622.0999755859375,515.5499877929688,0.3783891153558594,599.40869140625,11513018.0,0.8488771640590715,1.0,0.1225086138448996,0.2297372477367858,0.8285842848119203,0.5507711538233857,0.8514487824290398,0.44014869691022,0.0,0.0,0.0
2019-03-05,599.0,617.0,596.0999755859375,0.3777996283929825,599.2607421875,967319.0,0.4987206304533126,0.0009251625196442,0.1429732512288972,0.2319538502429745,0.8266218023682674,0.6057814215479028,0.9317708057850668,0.469964149777831,0.0,0.0,0.0
